DUMMY,DUMMY,1,2,3,4,5,6,7,8,9,10,11,12,13,14,15,16,17,18,20,21,22,23,24,25,26,27,28
1,1,5.374081291,15.03300855,0.238109285,0.254912038,122,48.8,0.03,3.331455039,0.05,0.61,193.5,0.1034,149.85,0.4,1.3,0.3,0.5,0.338,0.2,0.02,0.01,0.23,0.0571,2981.5,0.7445,0.056806665,23
1,2,5.52621292,36.590108,0.561874857,0.244915488,145,58,0.03,3.959516235,0.05,0.61,323.55,0.10755,198,0.4,1.35,0.2,0.5,0.324,0.2,0.02,0.01,0.45,0.072,331.5,1.209,0.071907904,21
1,3,5.490061536,25.01282407,0.561874857,0.244915488,145,58,0.03,3.959516235,0.05,0.61,323.55,0.10755,198,0.4,1.35,0.2,0.5,0.324,0.2,0.02,0.01,0.45,0.072,331.5,1.209,0.071907904,21
1,4,5.389025549,14.30824614,0.238109285,0.254912038,122,48.8,0.03,3.331455039,0.05,0.61,193.5,0.1034,149.85,0.4,1.3,0.3,0.5,0.338,0.2,0.02,0.01,0.23,0.0571,2981.5,0.7445,0.056806665,23
1,5,5.195018858,30.75699619,0.561874857,0.244915488,145,58,0.03,3.959516235,0.05,0.61,323.55,0.10755,198,0.4,1.35,0.2,0.5,0.324,0.2,0.02,0.01,0.45,0.072,331.5,1.209,0.071907904,21
1,6,5.364088875,25.57257288,0.561874857,0.244915488,145,58,0.03,3.959516235,0.05,0.61,323.55,0.10755,198,0.4,1.35,0.2,0.5,0.324,0.2,0.02,0.01,0.45,0.072,331.5,1.209,0.071907904,21
1,7,5.350403898,32.79095684,0.543185516,0.18993446,193,77.2,0.03,5.270252644,0.05,0.61,361,0.0384,216.2,0.5,1.4,0.2,0.5,0.42,0.2,0.02,0.01,0.23,0.1334,228.35,1.368,0.133288272,35
1,8,5.895603022,29.41496266,0.543185516,0.18993446,193,77.2,0.03,5.270252644,0.05,0.61,361,0.0384,216.2,0.5,1.4,0.2,0.5,0.42,0.2,0.02,0.01,0.23,0.1334,228.35,1.368,0.133288272,35
1,9,5.375386982,26.30660913,0.656276759,0.19993101,299,119.6,0.03,8.164795547,0.05,0.61,425.3,0.0476,254.7,0.5,1.4,0.2,0.5,0.42,0.2,0.02,0.01,0.45,0.1189,240.36,2.391,0.118899598,20
1,10,5.435860859,25.47888915,0.551131538,0.19993101,299,119.6,0.03,8.164795547,0.05,0.61,488.2,0.0509,312.8,0.5,1.4,0.2,0.5,0.42,0.2,0.02,0.01,0.45,0.061,459.83,1.617,0.060996113,20
1,11,5.255451865,27.62666262,0.543185516,0.18993446,193,77.2,0.03,5.270252644,0.05,0.61,361,0.0384,216.2,0.5,1.4,0.2,0.5,0.42,0.2,0.02,0.01,0.23,0.1517,415.08,1.088,0.151364904,35
1,12,5.721938869,24.70406157,0.543185516,0.18993446,193,77.2,0.03,5.270252644,0.05,0.61,361,0.0384,216.2,0.5,1.4,0.2,0.5,0.42,0.2,0.02,0.01,0.23,0.1517,415.08,1.088,0.151364904,35
1,13,5.249417843,28.94796509,0.656276759,0.19993101,299,119.6,0.03,8.164795547,0.05,0.61,425.3,0.0476,254.7,0.5,1.4,0.2,0.5,0.42,0.2,0.02,0.01,0.45,0.1189,240.36,2.391,0.118899487,20
1,14,5.157030626,26.73738071,0.551131538,0.19993101,299,119.6,0.03,8.164795547,0.05,0.61,488.2,0.0509,312.8,0.5,1.4,0.2,0.5,0.42,0.2,0.02,0.01,0.45,0.1888,329.05,0.432,0.172753138,20
1,15,6.524410629,29.62181433,0.343452198,0.224922387,122,48.8,0.03,3.331455039,0.05,0.61,1191.2,0.0187,1251.2,0.45,1.3,0.23,0.5,0.359775,0.2,0.02,0.01,0.23,0.284,848.73,0.379,0.255839748,23
1,16,5.436062228,26.72102677,0.390987144,0.209927561,165,66,0.03,4.505656406,0.05,0.61,422.1,0.0488,519.3,0.42,1.35,0.32,0.5,0.37422,0.2,0.02,0.01,0.23,3.6764,1,0.235,0.2,10
1,17,5.887819247,25.12638126,0.523808037,0.209927561,165,66,0.03,4.505656406,0.05,0.61,427.8,0.0526,374.6,0.52,1.3,0.4,0.5,0.4732,0.2,0.02,0.01,0.45,0.1906,284.53,1.03,0.190081627,15
1,18,5.693625065,25.49339274,0.390987144,0.209927561,165,66,0.03,4.505656406,0.05,0.61,422.1,0.0488,519.3,0.42,1.35,0.32,0.5,0.37422,0.2,0.02,0.01,0.23,3.6764,1,0.235,0.2,10
1,19,5.556935697,32.85264818,0.523808037,0.209927561,165,66,0.03,4.505656406,0.05,0.61,427.8,0.0526,374.6,0.52,1.3,0.4,0.5,0.4732,0.2,0.02,0.01,0.45,0.1906,284.53,1.03,0.190081627,15
1,20,6.281372615,17.36480777,0.343452198,0.224922387,122,48.8,0.03,3.331455039,0.05,0.61,1191.2,0.0187,1251.2,0.45,1.3,0.23,0.5,0.359775,0.2,0.02,0.01,0.23,0.284,848.73,0.379,0.255839748,23
1,21,6.057650368,30.89520335,0.390987144,0.209927561,165,66,0.03,4.505656406,0.05,0.61,422.1,0.0488,519.3,0.42,1.35,0.32,0.5,0.37422,0.2,0.02,0.01,0.23,3.6764,1,0.235,0.2,20
1,22,5.741724718,18.67893884,0.523808037,0.209927561,165,66,0.03,4.505656406,0.05,0.61,427.8,0.0526,374.6,0.52,1.3,0.4,0.5,0.4732,0.2,0.02,0.01,0.45,0.1906,284.53,1.03,0.190081627,15
1,23,6.450507733,42.56150971,0.343452198,0.224922387,122,48.8,0.03,3.331455039,0.05,0.61,1191.2,0.0187,1251.2,0.45,1.3,0.23,0.5,0.359775,0.2,0.02,0.01,0.23,0.284,848.73,0.379,0.255839748,20
1,24,5.837524391,36.51162985,0.390987144,0.209927561,165,66,0.03,4.505656406,0.05,0.61,422.1,0.0488,519.3,0.42,1.35,0.32,0.5,0.37422,0.2,0.02,0.01,0.23,3.6764,1,0.235,0.2,20
1,25,6.452710334,56.36532841,0.523808037,0.209927561,165,66,0.03,4.505656406,0.05,0.61,427.8,0.0526,374.6,0.52,1.3,0.4,0.5,0.4732,0.2,0.02,0.01,0.45,0.1906,284.53,1.03,0.190081627,20
1,26,6.2,20,0.207432039,0.234918937,155,62,0.03,4.23258632,0.05,0.42,362.5,0.0524,270.1,0.5,1.4,0.2,0.5,0.42,0.2,0.02,0.01,0.23,0.4176,127.05,0.426,0.03,10
1,27,6.2,20,0.207432039,0.234918937,155,62,0.03,4.23258632,0.05,0.42,362.5,0.0524,270.1,0.5,1.4,0.2,0.5,0.42,0.2,0.02,0.01,0.23,0.4176,127.05,0.426,0.03,10
1,28,6.2,20,0.207432039,0.234918937,155,62,0.03,4.23258632,0.05,0.42,362.5,0.0524,270.1,0.5,1.4,0.2,0.5,0.42,0.2,0.02,0.01,0.23,0.4176,127.05,0.426,0.03,10
1,29,6.2,20,0.207432039,0.234918937,155,62,0.03,4.23258632,0.05,0.42,362.5,0.0524,270.1,0.5,1.4,0.2,0.5,0.42,0.2,0.02,0.01,0.23,0.4176,127.05,0.426,0.03,10
1,30,6.2,20,0.207432039,0.234918937,155,62,0.03,4.23258632,0.05,0.42,362.5,0.0524,270.1,0.5,1.4,0.2,0.5,0.42,0.2,0.02,0.01,0.23,0.4176,127.05,0.426,0.03,10
1,31,6.2,20,0.207432039,0.234918937,155,62,0.03,4.23258632,0.05,0.42,362.5,0.0524,270.1,0.5,1.4,0.2,0.5,0.42,0.2,0.02,0.01,0.23,0.4176,127.05,0.426,0.03,10
1,32,6.2,20,0.207432039,0.234918937,155,62,0.03,4.23258632,0.05,0.42,362.5,0.0524,270.1,0.5,1.4,0.2,0.5,0.42,0.2,0.02,0.01,0.23,0.4176,127.05,0.426,0.03,10
1,33,5.328390999,15.31712214,0.238109285,0.254912038,122,48.8,0.03,3.331455039,0.05,0.61,193.5,0.1034,149.85,0.4,1.3,0.3,0.5,0.338,0.2,0.02,0.01,0.23,0.0571,2981.5,0.7445,0.056806665,23
1,34,5.489324825,38.49600072,0.561874857,0.244915488,145,58,0.03,3.959516235,0.05,0.61,323.55,0.10755,198,0.4,1.35,0.2,0.5,0.324,0.2,0.02,0.01,0.45,0.072,331.5,1.209,0.071907904,21
1,35,5.468570771,25.33842056,0.561874857,0.244915488,145,58,0.03,3.959516235,0.05,0.61,323.55,0.10755,198,0.4,1.35,0.2,0.5,0.324,0.2,0.02,0.01,0.45,0.072,331.5,1.209,0.071907904,21
1,36,5.382149685,14.34544085,0.238109285,0.254912038,122,48.8,0.03,3.331455039,0.05,0.61,193.5,0.1034,149.85,0.4,1.3,0.3,0.5,0.338,0.2,0.02,0.01,0.23,0.0571,2981.5,0.7445,0.056806665,23
1,37,5.190380207,30.83569568,0.561874857,0.244915488,145,58,0.03,3.959516235,0.05,0.61,323.55,0.10755,198,0.4,1.35,0.2,0.5,0.324,0.2,0.02,0.01,0.45,0.072,331.5,1.209,0.071907904,21
1,38,5.357717653,25.56332014,0.561874857,0.244915488,145,58,0.03,3.959516235,0.05,0.61,323.55,0.10755,198,0.4,1.35,0.2,0.5,0.324,0.2,0.02,0.01,0.45,0.072,331.5,1.209,0.071907904,21
1,39,5.297422213,32.58755603,0.543185516,0.18993446,193,77.2,0.03,5.270252644,0.05,0.61,361,0.0384,216.2,0.5,1.4,0.2,0.5,0.42,0.2,0.02,0.01,0.23,0.1334,228.35,1.368,0.133288272,35
1,40,5.857741133,29.28682322,0.543185516,0.18993446,193,77.2,0.03,5.270252644,0.05,0.61,361,0.0384,216.2,0.5,1.4,0.2,0.5,0.42,0.2,0.02,0.01,0.23,0.1334,228.35,1.368,0.133288272,35
1,41,5.36198498,26.95152304,0.656276759,0.19993101,299,119.6,0.03,8.164795547,0.05,0.61,425.3,0.0476,254.7,0.5,1.4,0.2,0.5,0.42,0.2,0.02,0.01,0.45,0.1189,240.36,2.391,0.118899598,20
1,42,5.424590484,25.58243585,0.551131538,0.19993101,299,119.6,0.03,8.164795547,0.05,0.61,488.2,0.0509,312.8,0.5,1.4,0.2,0.5,0.42,0.2,0.02,0.01,0.45,0.061,459.83,1.617,0.060996113,20
1,43,4.963173442,31.70127304,0.543185516,0.18993446,193,77.2,0.03,5.270252644,0.05,0.61,361,0.0384,216.2,0.5,1.4,0.2,0.5,0.42,0.2,0.02,0.01,0.23,0.1517,415.08,1.088,0.151364904,35
1,44,5.621527085,25.34900593,0.543185516,0.18993446,193,77.2,0.03,5.270252644,0.05,0.61,361,0.0384,216.2,0.5,1.4,0.2,0.5,0.42,0.2,0.02,0.01,0.23,0.1517,415.08,1.088,0.151364904,35
1,45,5.20699578,29.18683548,0.656276759,0.19993101,299,119.6,0.03,8.164795547,0.05,0.61,425.3,0.0476,254.7,0.5,1.4,0.2,0.5,0.42,0.2,0.02,0.01,0.45,0.1189,240.36,2.391,0.118899487,20
1,46,5.096571224,27.53521064,0.551131538,0.19993101,299,119.6,0.03,8.164795547,0.05,0.61,488.2,0.0509,312.8,0.5,1.4,0.2,0.5,0.42,0.2,0.02,0.01,0.45,0.1888,329.05,0.432,0.172753138,20
1,47,6.271965311,28.26313779,0.343452198,0.224922387,122,48.8,0.03,3.331455039,0.05,0.61,1191.2,0.0187,1251.2,0.45,1.3,0.23,0.5,0.359775,0.2,0.02,0.01,0.23,0.284,848.73,0.379,0.255839748,23
1,48,5.199810528,24.67498686,0.390987144,0.209927561,165,66,0.03,4.505656406,0.05,0.61,422.1,0.0488,519.3,0.42,1.35,0.32,0.5,0.37422,0.2,0.02,0.01,0.23,3.6764,1,0.235,0.2,10
1,49,5.68572287,26.33058246,0.523808037,0.209927561,165,66,0.03,4.505656406,0.05,0.61,427.8,0.0526,374.6,0.52,1.3,0.4,0.5,0.4732,0.2,0.02,0.01,0.45,0.1906,284.53,1.03,0.190081627,15
1,50,5.206555652,24.85874339,0.390987144,0.209927561,165,66,0.03,4.505656406,0.05,0.61,422.1,0.0488,519.3,0.42,1.35,0.32,0.5,0.37422,0.2,0.02,0.01,0.23,3.6764,1,0.235,0.2,10
1,51,5.380471703,36.03490906,0.523808037,0.209927561,165,66,0.03,4.505656406,0.05,0.61,427.8,0.0526,374.6,0.52,1.3,0.4,0.5,0.4732,0.2,0.02,0.01,0.45,0.1906,284.53,1.03,0.190081627,15
1,52,5.981485839,16.12176873,0.343452198,0.224922387,122,48.8,0.03,3.331455039,0.05,0.61,1191.2,0.0187,1251.2,0.45,1.3,0.23,0.5,0.359775,0.2,0.02,0.01,0.23,0.284,848.73,0.379,0.255839748,23
1,53,5.391332494,29.12054798,0.390987144,0.209927561,165,66,0.03,4.505656406,0.05,0.61,422.1,0.0488,519.3,0.42,1.35,0.32,0.5,0.37422,0.2,0.02,0.01,0.23,3.6764,1,0.235,0.2,20
1,54,5.150848522,24.94121781,0.523808037,0.209927561,165,66,0.03,4.505656406,0.05,0.61,427.8,0.0526,374.6,0.52,1.3,0.4,0.5,0.4732,0.2,0.02,0.01,0.45,0.1906,284.53,1.03,0.190081627,15
1,55,5.614838521,31.78034831,0.343452198,0.224922387,122,48.8,0.03,3.331455039,0.05,0.61,1191.2,0.0187,1251.2,0.45,1.3,0.23,0.5,0.359775,0.2,0.02,0.01,0.23,0.284,848.73,0.379,0.255839748,23
1,56,3.07564738,65.10060075,0.390987144,0.209927561,165,66,0.03,4.505656406,0.05,0.61,422.1,0.0488,519.3,0.42,1.35,0.32,0.5,0.37422,0.2,0.02,0.01,0.23,3.6764,1,0.235,0.2,21
1,57,4.980121207,38.42747545,0.523808037,0.209927561,165,66,0.03,4.505656406,0.05,0.61,427.8,0.0526,374.6,0.52,1.3,0.4,0.5,0.4732,0.2,0.02,0.01,0.45,0.1906,284.53,1.03,0.190081627,21
1,58,4.747218305,18.93099837,0.238109285,0.254912038,122,48.8,0.03,3.331455039,0.05,0.61,193.5,0.1034,149.85,0.4,1.3,0.3,0.5,0.338,0.2,0.02,0.01,0.23,0.0571,2981.5,0.7445,0.056806665,23
1,59,5.328243557,46.81856699,0.561874857,0.244915488,145,58,0.03,3.959516235,0.05,0.61,323.55,0.10755,198,0.4,1.35,0.2,0.5,0.324,0.2,0.02,0.01,0.45,0.072,331.5,1.209,0.071907904,21
1,60,5.180257656,29.70651715,0.561874857,0.244915488,145,58,0.03,3.959516235,0.05,0.61,323.55,0.10755,198,0.4,1.35,0.2,0.5,0.324,0.2,0.02,0.01,0.45,0.072,331.5,1.209,0.071907904,21
1,61,4.800781032,17.49033151,0.238109285,0.254912038,122,48.8,0.03,3.331455039,0.05,0.61,193.5,0.1034,149.85,0.4,1.3,0.3,0.5,0.338,0.2,0.02,0.01,0.23,0.0571,2981.5,0.7445,0.056806665,35
1,62,5.004247427,33.99362979,0.561874857,0.244915488,145,58,0.03,3.959516235,0.05,0.61,323.55,0.10755,198,0.4,1.35,0.2,0.5,0.324,0.2,0.02,0.01,0.45,0.072,331.5,1.209,0.071907904,35
1,63,5.037067651,25.09764941,0.561874857,0.244915488,145,58,0.03,3.959516235,0.05,0.61,323.55,0.10755,198,0.4,1.35,0.2,0.5,0.324,0.2,0.02,0.01,0.45,0.072,331.5,1.209,0.071907904,20
1,64,5.0458974,31.62193272,0.543185516,0.18993446,193,77.2,0.03,5.270252644,0.05,0.61,361,0.0384,216.2,0.5,1.4,0.2,0.5,0.42,0.2,0.02,0.01,0.23,0.1334,228.35,1.368,0.133288272,20
1,65,5.47651423,27.99660234,0.543185516,0.18993446,193,77.2,0.03,5.270252644,0.05,0.61,361,0.0384,216.2,0.5,1.4,0.2,0.5,0.42,0.2,0.02,0.01,0.23,0.1334,228.35,1.368,0.133288272,35
1,66,5.299185373,29.97348489,0.656276759,0.19993101,299,119.6,0.03,8.164795547,0.05,0.61,425.3,0.0476,254.7,0.5,1.4,0.2,0.5,0.42,0.2,0.02,0.01,0.45,0.1189,240.36,2.391,0.118899598,35
1,67,5.278856356,26.92136987,0.551131538,0.19993101,299,119.6,0.03,8.164795547,0.05,0.61,488.2,0.0509,312.8,0.5,1.4,0.2,0.5,0.42,0.2,0.02,0.01,0.45,0.061,459.83,1.617,0.060996113,20
1,68,4.675257657,35.71506456,0.543185516,0.18993446,193,77.2,0.03,5.270252644,0.05,0.61,361,0.0384,216.2,0.5,1.4,0.2,0.5,0.42,0.2,0.02,0.01,0.23,0.1517,415.08,1.088,0.151364904,20
1,69,5.112867611,28.61612305,0.543185516,0.18993446,193,77.2,0.03,5.270252644,0.05,0.61,361,0.0384,216.2,0.5,1.4,0.2,0.5,0.42,0.2,0.02,0.01,0.23,0.1517,415.08,1.088,0.151364904,23
1,70,4.940865151,30.68536529,0.656276759,0.19993101,299,119.6,0.03,8.164795547,0.05,0.61,425.3,0.0476,254.7,0.5,1.4,0.2,0.5,0.42,0.2,0.02,0.01,0.45,0.1189,240.36,2.391,0.118899487,10
1,71,4.803825487,31.39832043,0.551131538,0.19993101,299,119.6,0.03,8.164795547,0.05,0.61,488.2,0.0509,312.8,0.5,1.4,0.2,0.5,0.42,0.2,0.02,0.01,0.45,0.1888,329.05,0.432,0.172753138,15
1,72,5.494745573,24.08009241,0.343452198,0.224922387,122,48.8,0.03,3.331455039,0.05,0.61,1191.2,0.0187,1251.2,0.45,1.3,0.23,0.5,0.359775,0.2,0.02,0.01,0.23,0.284,848.73,0.379,0.255839748,10
1,73,4.936068698,22.39087078,0.390987144,0.209927561,165,66,0.03,4.505656406,0.05,0.61,422.1,0.0488,519.3,0.42,1.35,0.32,0.5,0.37422,0.2,0.02,0.01,0.23,3.6764,1,0.235,0.2,15
1,74,5.178805568,29.35107413,0.523808037,0.209927561,165,66,0.03,4.505656406,0.05,0.61,427.8,0.0526,374.6,0.52,1.3,0.4,0.5,0.4732,0.2,0.02,0.01,0.45,0.1906,284.53,1.03,0.190081627,23
1,75,4.981440328,24.56541909,0.390987144,0.209927561,165,66,0.03,4.505656406,0.05,0.61,422.1,0.0488,519.3,0.42,1.35,0.32,0.5,0.37422,0.2,0.02,0.01,0.23,3.6764,1,0.235,0.2,20
1,76,5.343842989,36.69545243,0.523808037,0.209927561,165,66,0.03,4.505656406,0.05,0.61,427.8,0.0526,374.6,0.52,1.3,0.4,0.5,0.4732,0.2,0.02,0.01,0.45,0.1906,284.53,1.03,0.190081627,15
1,77,5.333802504,13.43710328,0.343452198,0.224922387,122,48.8,0.03,3.331455039,0.05,0.61,1191.2,0.0187,1251.2,0.45,1.3,0.23,0.5,0.359775,0.2,0.02,0.01,0.23,0.284,848.73,0.379,0.255839748,23
1,78,5.108689712,28.36776384,0.390987144,0.209927561,165,66,0.03,4.505656406,0.05,0.61,422.1,0.0488,519.3,0.42,1.35,0.32,0.5,0.37422,0.2,0.02,0.01,0.23,3.6764,1,0.235,0.2,20
1,79,5.03183759,26.20253052,0.523808037,0.209927561,165,66,0.03,4.505656406,0.05,0.61,427.8,0.0526,374.6,0.52,1.3,0.4,0.5,0.4732,0.2,0.02,0.01,0.45,0.1906,284.53,1.03,0.190081627,15
1,80,5.3756014,28.69389499,0.343452198,0.224922387,122,48.8,0.03,3.331455039,0.05,0.61,1191.2,0.0187,1251.2,0.45,1.3,0.23,0.5,0.359775,0.2,0.02,0.01,0.23,0.284,848.73,0.379,0.255839748,10
1,81,3.113693104,65.58658302,0.390987144,0.209927561,165,66,0.03,4.505656406,0.05,0.61,422.1,0.0488,519.3,0.42,1.35,0.32,0.5,0.37422,0.2,0.02,0.01,0.23,3.6764,1,0.235,0.2,10
1,82,4.425003373,31.66549283,0.523808037,0.209927561,165,66,0.03,4.505656406,0.05,0.61,427.8,0.0526,374.6,0.52,1.3,0.4,0.5,0.4732,0.2,0.02,0.01,0.45,0.1906,284.53,1.03,0.190081627,10
1,83,0,0,,,,,,,,,,,,,,,,,,,,,,,,,
1,84,0,0,,,,,,,,,,,,,,,,,,,,,,,,,
1,85,0,0,,,,,,,,,,,,,,,,,,,,,,,,,
2,1,6.80512,49.31147467,0.532984479,0.249913763,120,48,0.03,3.276841022,0.05,0.62,193.5,0.1034,149.85,0.4,1.3,0.3,0.5,0.338,0.2,0.02,0.01,0.23,0.0571,2981.5,0.7445,0.06,23
2,2,6.048,47.70412885,0.815848747,0.224922387,120,48,0.03,3.276841022,0.05,0.62,280.2,0.106166667,181.95,0.4,1.35,0.2,0.5,0.324,0.2,0.02,0.01,0.35,0.067033333,1214.833333,1.054166667,0.09,23
2,3,5.7456,50,0.941710905,0.249913763,120,48,0.03,3.276841022,0.05,0.62,361,0.0384,216.2,0.45,1.3,0.3,0.5,0.38025,0.2,0.02,0.01,0.23,0.1334,228.35,1.368,0.06,23
2,4,6.2496,85,0.929362571,0.224922387,140,56,0.03,3.822981193,0.05,0.62,425.3,0.0476,254.7,0.45,1.4,0.2,0.5,0.378,0.2,0.02,0.01,0.35,0.1189,240.36,2.391,0.09,25
2,5,6.2496,85,0.628202456,0.224922387,140,56,0.03,3.822981193,0.05,0.62,425.3,0.0476,254.7,0.5,1.4,0.2,0.5,0.42,0.2,0.02,0.01,0.35,0.1189,240.36,2.391,0.09,23
2,6,6.6024,120,0.703244773,0.224922387,130,52,0.03,3.549911107,0.05,0.62,422.1,0.0488,519.3,0.5,1.3,0.2,0.5,0.39,0.2,0.02,0.01,0.35,3.6764,1,0.235,0.09,23
2,7,5.498954825,47.70412885,0.816644398,0.224922387,120,48,0.03,3.276841022,0.05,0.62,280.2,0.106166667,181.95,0.4,1.35,0.2,0.5,0.324,0.2,0.02,0.01,0.45,0.067033333,1214.833333,1.054166667,0.09,28
2,8,6.1992,85,1.079578827,0.224922387,140,56,0.03,3.822981193,0.05,0.62,425.3,0.0476,254.7,0.45,1.4,0.2,0.5,0.378,0.2,0.02,0.01,0.45,0.1189,240.36,2.391,0.09,28
2,9,6.1488,85,0.64612705,0.224922387,140,56,0.03,3.822981193,0.05,0.62,425.3,0.0476,254.7,0.5,1.4,0.2,0.5,0.42,0.2,0.02,0.01,0.45,0.1189,240.36,2.391,0.09,28
2,10,6.6024,120,0.736708096,0.224922387,130,52,0.03,3.549911107,0.05,0.62,422.1,0.0488,519.3,0.5,1.3,0.2,0.5,0.39,0.2,0.02,0.01,0.45,3.6764,1,0.235,0.09,28
2,11,0,0,0,0,0,0,0,0,0.05,0.62,0,0,0,,,,,0,0.2,0.02,0.01,,,,,,
2,12,0,0,0,0,0,0,0,0,0.05,0.62,0,0,0,,,,,0,0.2,0.02,0.01,,,,,,
2,13,0,0,0,0,0,0,0,0,0.05,0.62,0,0,0,,,,,0,0.2,0.02,0.01,,,,,,
2,14,0,0,0,0,0,0,0,0,0.05,0.62,0,0,0,,,,,0,0.2,0.02,0.01,,,,,,
2,15,0,0,0,0,0,0,0,0,0.05,0.62,0,0,0,,,,,0,0.2,0.02,0.01,,,,,,
2,16,0,0,0,0,0,0,0,0,0.05,0.62,0,0,0,,,,,0,0.2,0.02,0.01,,,,,,
2,17,0,0,0,0,0,0,0,0,0.05,0.62,0,0,0,,,,,0,0.2,0.02,0.01,,,,,,
2,18,0,0,0,0,0,0,0,0,0.05,0.62,0,0,0,,,,,0,0.2,0.02,0.01,,,,,,
2,19,0,0,0,0,0,0,0,0,0.05,0.62,0,0,0,,,,,0,0.2,0.02,0.01,,,,,,
2,20,0,0,0,0,0,0,0,0,0.05,0.62,0,0,0,,,,,0,0.2,0.02,0.01,,,,,,
2,21,0,0,0,0,0,0,0,0,0.05,0.62,0,0,0,,,,,0,0.2,0.02,0.01,,,,,,
2,22,0,0,0,0,0,0,0,0,0.05,0.62,0,0,0,,,,,0,0.2,0.02,0.01,,,,,,
2,23,0,0,0,0,0,0,0,0,0.05,0.62,0,0,0,,,,,0,0.2,0.02,0.01,,,,,,
2,24,0,0,0,0,0,0,0,0,0.05,0.62,0,0,0,,,,,0,0.2,0.02,0.01,,,,,,
2,25,0,0,0,0,0,0,0,0,0.05,0.62,0,0,0,,,,,0,0.2,0.02,0.01,,,,,,
2,26,0,0,0,0,0,0,0,0,0.05,0.62,0,0,0,,,,,0,0.2,0.02,0.01,,,,,,
3,1,6.2685,15,0.109783173,0.254912038,133,53.2,0.03,3.631832133,0.07,0.42,193.5,0.1034,149.85,0.4,1.3,0.2,0.5,0.312,0.25,0.04,0.024,0.23,0.0571,2981.5,0.7445,0.06,23
3,2,6.208,9,0.207432039,0.234918937,155,62,0.03,4.23258632,0.07,0.42,193.5,0.1034,149.85,0.51,1.3,0.2,0.5,0.3978,0.25,0.04,0.024,0.23,0.0571,2981.5,0.7445,0.06,23
3,3,5.408,20,0.918,0.35,120,48,0.03,3.276841022,0.07,0.42,323.55,0.10755,198,0.51,1.65,0.2,0.5,0.5049,0.25,0.04,0.024,1.5,0.072,331.5,1.209,0.1,35
3,4,5.928,55,0.918,0.25,133,53.2,0.03,3.631832133,0.07,0.42,323.55,0.10755,198,0.51,1.65,0.2,0.5,0.5049,0.25,0.04,0.024,1.5,0.072,331.5,1.209,0.1,35
3,5,5.824,55,1.326,0.25,133,53.2,0.03,3.631832133,0.07,0.42,323.55,0.10755,198,0.45,1.5,0.3,0.5,0.43875,0.25,0.04,0.024,1.5,0.072,331.5,1.209,0.1,35
3,6,6.7,30,0.109783173,0.254912038,133,53.2,0.03,3.631832133,0.07,0.42,193.5,0.1034,149.85,0.4,1.3,0.2,0.5,0.312,0.25,0.04,0.024,0.23,0.0571,2981.5,0.7445,0.06,23
3,7,6,10.1,0.207432039,0.234918937,155,62,0.03,4.23258632,0.07,0.42,193.5,0.1034,149.85,0.51,1.3,0.2,0.5,0.3978,0.25,0.04,0.024,0.23,0.0571,2981.5,0.7445,0.06,23
3,8,5.408,20,0.918,0.35,120,48,0.03,3.276841022,0.07,0.42,323.55,0.10755,198,0.45,1.65,0.3,0.5,0.482625,0.25,0.04,0.024,1.5,0.072,331.5,1.209,0.1,35
3,9,5.928,55,0.918,0.25,133,53.2,0.03,3.631832133,0.07,0.42,323.55,0.10755,198,0.45,1.65,0.3,0.5,0.482625,0.25,0.04,0.024,1.5,0.072,331.5,1.209,0.1,35
3,10,5.824,55,1.326,0.25,133,53.2,0.03,3.631832133,0.07,0.42,323.55,0.10755,198,0.45,1.5,0.3,0.5,0.43875,0.25,0.04,0.024,1.5,0.072,331.5,1.209,0.1,35
3,11,0,0,0,0,0,0,0,0,0.07,0.42,1191.2,0.0187,1251.2,,,,,0,0.25,0.04,0.024,,,,,,
3,12,0,0,0,0,0,0,0,0,0.07,0.42,1191.2,0.0187,1251.2,,,,,0,0.25,0.04,0.024,,,,,,
3,13,0,0,0,0,0,0,0,0,0.07,0.42,1191.2,0.0187,1251.2,,,,,0,0.25,0.04,0.024,,,,,,
3,14,0,0,0,0,0,0,0,0,0.07,0.42,1191.2,0.0187,1251.2,,,,,0,0.25,0.04,0.024,,,,,,
3,15,0,0,0,0,0,0,0,0,0.07,0.42,1191.2,0.0187,1251.2,,,,,0,0.25,0.04,0.024,,,,,,
3,16,0,0,0,0,0,0,0,0,0.07,0.42,1191.2,0.0187,1251.2,,,,,0,0.25,0.04,0.024,,,,,,
3,17,0,0,0,0,0,0,0,0,0.07,0.42,1191.2,0.0187,1251.2,,,,,0,0.25,0.04,0.024,,,,,,
3,18,0,0,0,0,0,0,0,0,0.07,0.42,1191.2,0.0187,1251.2,,,,,0,0.25,0.04,0.024,,,,,,
3,19,0,0,0,0,0,0,0,0,0.07,0.42,1191.2,0.0187,1251.2,,,,,0,0.25,0.04,0.024,,,,,,
3,20,0,0,0,0,0,0,0,0,0.07,0.42,1191.2,0.0187,1251.2,,,,,0,0.25,0.04,0.024,,,,,,
3,21,0,0,0,0,0,0,0,0,0.07,0.42,1191.2,0.0187,1251.2,,,,,0,0.25,0.04,0.024,,,,,,
3,22,0,0,0,0,0,0,0,0,0.07,0.42,1191.2,0.0187,1251.2,,,,,0,0.25,0.04,0.024,,,,,,
3,23,0,0,0,0,0,0,0,0,0.07,0.42,1191.2,0.0187,1251.2,,,,,0,0.25,0.04,0.024,,,,,,
3,24,0,0,0,0,0,0,0,0,0.07,0.42,1191.2,0.0187,1251.2,,,,,0,0.25,0.04,0.024,,,,,,
3,25,0,0,0,0,0,0,0,0,0.07,0.42,1191.2,0.0187,1251.2,,,,,0,0.25,0.04,0.024,,,,,,
3,26,0,0,0,0,0,0,0,0,0.07,0.42,1191.2,0.0187,1251.2,,,,,0,0.25,0.04,0.024,,,,,,
4,1,4.7808,40,0.200555155,0.19993101,299,119.6,0.03,8.164795547,0.03,0.61,425.3,0.0476,254.7,0.5,1.3,0.26,0.5,0.4095,0.2,0.01,0.005,0.45,0.1189,240.36,2.391,0.118899598,20
4,2,4.992,30,0.233363382,0.19993101,193,77.2,0.03,5.270252644,0.03,0.61,361,0.0384,216.2,0.45,1.35,0.23,0.5,0.3736125,0.2,0.01,0.005,0.23,0.1334,228.35,1.368,0.133288272,35
4,3,4.7808,40,0.298023479,0.19993101,299,119.6,0.03,8.164795547,0.03,0.61,425.3,0.0476,254.7,0.5,1.3,0.26,0.5,0.4095,0.2,0.01,0.005,0.45,0.1189,240.36,2.391,0.118899487,20
4,4,4.608,45,0.313850572,0.19993101,193,77.2,0.03,5.270252644,0.03,0.61,361,0.0384,216.2,0.45,0.135,0.23,0.5,0.03736125,0.2,0.01,0.005,0.23,0.1517,415.08,1.088,0.151364904,35
4,5,5.28,50,0.064682749,0.209927561,165,66,0.03,4.505656406,0.03,0.61,427.8,0.0526,374.6,0.52,1.3,0.4,0.5,0.4732,0.2,0.01,0.005,0.45,0.1906,284.53,1.03,0.190081627,15
4,6,5.136,50,0.285095451,0.209927561,165,66,0.03,4.505656406,0.03,0.61,422.1,0.0488,519.3,0.42,1.35,0.32,0.5,0.37422,0.2,0.01,0.005,0.23,3.6764,1,0.235,0.2,10
4,7,5.904,30,0.39360957,0.224922387,122,48.8,0.03,3.331455039,0.03,0.61,1191.2,0.0187,1251.2,0.45,1.3,0.23,0.5,0.359775,0.2,0.01,0.005,0.23,0.284,848.73,0.379,0.255839748,23
4,8,4.7808,40,0.13946659,0.19993101,400,160,0.03,10.92280341,0.03,0.61,425.3,0.0476,254.7,0.5,1.3,0.26,0.5,0.4095,0.2,0.01,0.005,0.45,0.1189,240.36,2.391,0.118899598,20
4,9,4.992,30,0.151718286,0.19993101,400,160,0.03,10.92280341,0.03,0.61,361,0.0384,216.2,0.45,1.35,0.23,0.5,0.3736125,0.2,0.01,0.005,0.23,0.1334,228.35,1.368,0.133288272,35
4,10,4.7808,40,0.224142733,0.19993101,400,160,0.03,10.92280341,0.03,0.61,425.3,0.0476,254.7,0.5,1.3,0.26,0.5,0.4095,0.2,0.01,0.005,0.45,0.1189,240.36,2.391,0.118899487,20
4,11,4.608,45,0.207607602,0.19993101,400,160,0.03,10.92280341,0.03,0.61,361,0.0384,216.2,0.45,0.135,0.23,0.5,0.03736125,0.2,0.01,0.005,0.23,0.1517,415.08,1.088,0.151364904,35
4,12,5.28,50,0.071096958,0.209927561,250,100,0.03,6.82675213,0.03,0.61,427.8,0.0526,374.6,0.52,1.3,0.4,0.5,0.4732,0.2,0.01,0.005,0.45,0.1906,284.53,1.03,0.190081627,15
4,13,5.136,50,0.29036164,0.209927561,250,100,0.03,6.82675213,0.03,0.61,422.1,0.0488,519.3,0.42,1.35,0.32,0.5,0.37422,0.2,0.01,0.005,0.23,3.6764,1,0.235,0.2,10
4,14,5.904,30,0.520824999,0.224922387,200,80,0.03,5.461401704,0.03,0.61,1191.2,0.0187,1251.2,0.45,1.3,0.23,0.5,0.359775,0.2,0.01,0.005,0.23,0.284,848.73,0.379,0.255839748,23
4,15,0,0,0,0,0,0,0,0,0.03,0.61,1191.2,0.0187,1251.2,,,,,0,0.2,0.01,0.005,,,,,,
4,16,0,0,0,0,0,0,0,0,0.03,0.61,1191.2,0.0187,1251.2,,,,,0,0.2,0.01,0.005,,,,,,
4,17,0,0,0,0,0,0,0,0,0.03,0.61,1191.2,0.0187,1251.2,,,,,0,0.2,0.01,0.005,,,,,,
4,18,0,0,0,0,0,0,0,0,0.03,0.61,1191.2,0.0187,1251.2,,,,,0,0.2,0.01,0.005,,,,,,
4,19,0,0,0,0,0,0,0,0,0.03,0.61,1191.2,0.0187,1251.2,,,,,0,0.2,0.01,0.005,,,,,,
4,20,0,0,0,0,0,0,0,0,0.03,0.61,1191.2,0.0187,1251.2,,,,,0,0.2,0.01,0.005,,,,,,
4,21,0,0,0,0,0,0,0,0,0.03,0.61,1191.2,0.0187,1251.2,,,,,0,0.2,0.01,0.005,,,,,,
4,22,0,0,0,0,0,0,0,0,0.03,0.61,1191.2,0.0187,1251.2,,,,,0,0.2,0.01,0.005,,,,,,
4,23,0,0,0,0,0,0,0,0,0.03,0.61,1191.2,0.0187,1251.2,,,,,0,0.2,0.01,0.005,,,,,,
4,24,0,0,0,0,0,0,0,0,0.03,0.61,1191.2,0.0187,1251.2,,,,,0,0.2,0.01,0.005,,,,,,
4,25,0,0,0,0,0,0,0,0,0.03,0.61,1191.2,0.0187,1251.2,,,,,0,0.2,0.01,0.005,,,,,,
4,26,0,0,0,0,0,0,0,0,0.03,0.61,1191.2,0.0187,1251.2,,,,,0,0.2,0.01,0.005,,,,,,
5,1,7,200,0.33891759,0.249913763,186,74.4,0.03,5.079103584,0.03,0.56,361,0.0384,216.2,0.45,1.3,0.32,0.5,0.3861,0.2,0.01,0.005,0.23,0.1334,228.35,1.368,0.133288272,35
5,2,7.812,200,0.342110945,0.249913763,193,77.2,0.03,5.270252644,0.03,0.56,425.3,0.0476,254.7,0.5,1.4,0.35,0.5,0.4725,0.2,0.01,0.005,0.45,0.1189,240.36,2.391,0.118899598,20
5,3,7.0525,225,0.352900029,0.249913763,172,68.8,0.03,4.696805465,0.03,0.56,361,0.0384,216.2,0.51,1.3,0.26,0.5,0.41769,0.2,0.01,0.005,0.23,0.1334,228.35,1.368,0.133288272,35
5,4,7.378,200,0.333329162,0.209927561,180,72,0.03,4.915261533,0.03,0.56,361,0.0384,216.2,0.45,1.35,0.32,0.5,0.40095,0.2,0.01,0.005,0.23,0.1517,415.08,1.088,0.151364904,35
5,5,7.2695,200,0.357114269,0.249913763,172,68.8,0.03,4.696805465,0.03,0.56,425.3,0.0476,254.7,0.51,1.3,0.26,0.5,0.41769,0.2,0.01,0.005,0.45,0.1189,240.36,2.391,0.118899487,20
5,6,7.2695,250,0.390893261,0.224922387,190,76,0.03,5.188331618,0.03,0.56,422.1,0.0488,519.3,0.45,1.35,0.32,0.5,0.40095,0.2,0.01,0.005,0.23,3.6764,1,0.235,0.2,10
5,7,7.0525,250,0.50159276,0.249913763,172,68.8,0.03,4.696805465,0.03,0.56,427.8,0.0526,374.6,0.51,1.3,0.26,0.5,0.41769,0.2,0.01,0.005,0.45,0.1906,284.53,1.03,0.190081627,15
5,8,7.595,200,0.348225374,0.249913763,186,74.4,0.03,5.079103584,0.03,0.56,361,0.0384,216.2,0.45,1.3,0.32,0.5,0.3861,0.2,0.01,0.005,0.23,0.1334,228.35,1.368,0.133288272,35
5,9,7.812,200,0.35111457,0.249913763,193,77.2,0.03,5.270252644,0.03,0.56,425.3,0.0476,254.7,0.5,1.4,0.35,0.5,0.4725,0.2,0.01,0.005,0.45,0.1189,240.36,2.391,0.118899598,20
5,10,7.0525,225,0.363350407,0.249913763,172,68.8,0.03,4.696805465,0.03,0.56,361,0.0384,216.2,0.51,1.3,0.26,0.5,0.41769,0.2,0.01,0.005,0.23,0.1334,228.35,1.368,0.133288272,35
5,11,7.378,200,0.343510277,0.209927561,180,72,0.03,4.915261533,0.03,0.56,361,0.0384,216.2,0.45,1.35,0.32,0.5,0.40095,0.2,0.01,0.005,0.23,0.1517,415.08,1.088,0.151364904,35
5,12,7.2695,200,0.36725163,0.249913763,172,68.8,0.03,4.696805465,0.03,0.56,425.3,0.0476,254.7,0.51,1.3,0.26,0.5,0.41769,0.2,0.01,0.005,0.45,0.1189,240.36,2.391,0.118899487,20
5,13,7.2695,250,0.402173292,0.224922387,300,120,0.03,8.192102555,0.03,0.56,422.1,0.0488,519.3,0.45,1.35,0.32,0.5,0.40095,0.2,0.01,0.005,0.23,3.6764,1,0.235,0.2,10
5,14,7.0525,250,0.515191242,0.249913763,300,120,0.03,8.192102555,0.03,0.56,427.8,0.0526,374.6,0.51,1.3,0.26,0.5,0.41769,0.2,0.01,0.005,0.45,0.1906,284.53,1.03,0.190081627,15
5,15,0,0,0,0,0,0,0,0,0.03,0.56,1191.2,0.0187,1251.2,,,,,0,0.2,0.01,0.005,,,,,,
5,16,0,0,0,0,0,0,0,0,0.03,0.56,1191.2,0.0187,1251.2,,,,,0,0.2,0.01,0.005,,,,,,
5,17,0,0,0,0,0,0,0,0,0.03,0.56,1191.2,0.0187,1251.2,,,,,0,0.2,0.01,0.005,,,,,,
5,18,0,0,0,0,0,0,0,0,0.03,0.56,1191.2,0.0187,1251.2,,,,,0,0.2,0.01,0.005,,,,,,
5,19,0,0,0,0,0,0,0,0,0.03,0.56,1191.2,0.0187,1251.2,,,,,0,0.2,0.01,0.005,,,,,,
5,20,0,0,0,0,0,0,0,0,0.03,0.56,1191.2,0.0187,1251.2,,,,,0,0.2,0.01,0.005,,,,,,
5,21,0,0,0,0,0,0,0,0,0.03,0.56,1191.2,0.0187,1251.2,,,,,0,0.2,0.01,0.005,,,,,,
5,22,0,0,0,0,0,0,0,0,0.03,0.56,1191.2,0.0187,1251.2,,,,,0,0.2,0.01,0.005,,,,,,
5,23,0,0,0,0,0,0,0,0,0.03,0.56,1191.2,0.0187,1251.2,,,,,0,0.2,0.01,0.005,,,,,,
5,24,0,0,0,0,0,0,0,0,0.03,0.56,1191.2,0.0187,1251.2,,,,,0,0.2,0.01,0.005,,,,,,
5,25,0,0,0,0,0,0,0,0,0.03,0.56,1191.2,0.0187,1251.2,,,,,0,0.2,0.01,0.005,,,,,,
5,26,0,0,0,0,0,0,0,0,0.03,0.56,1191.2,0.0187,1251.2,,,,,0,0.2,0.01,0.005,,,,,,
6,1,6.4,90,0.412271034,0.19993101,50,20,0.03,1.365350426,0.05,0.56,361,0.0384,216.2,0.42,1.35,0.25,0.5,0.354375,0.2,0.02,0.01,0.23,0.1334,228.35,1.368,0.133288272,35
6,2,8.01,200,0.475738828,0.19993101,186,74.4,0.03,5.079103584,0.05,0.56,361,0.0384,216.2,0.4,1.35,0.23,0.5,0.3321,0.2,0.02,0.01,0.23,0.1334,228.35,1.368,0.133288272,35
6,3,8.01,250,0.547577455,0.249913763,172,68.8,0.03,4.696805465,0.05,0.56,425.3,0.0476,254.7,0.58,1.4,0.35,0.5,0.5481,0.2,0.02,0.01,0.45,0.1189,240.36,2.391,0.118899598,20
6,4,8.1,150,0.31598862,0.254912038,150,60,0.03,4.096051278,0.05,0.56,193.5,0.1034,149.85,0.42,1.35,0.23,0.5,0.348705,0.2,0.02,0.01,0.23,0.0571,2981.5,0.7445,0.056806665,23
6,5,8,250,0.51449163,0.299896516,70,28,0.03,1.911490596,0.05,0.56,323.55,0.10755,198,0.58,1.35,0.23,0.5,0.481545,0.2,0.02,0.01,0.45,0.072,331.5,1.209,0.071907904,21
6,6,6.01,9,0.163371963,0.234918937,155,62,0.03,4.23258632,0.05,0.56,193.5,0.1034,149.85,0.51,1.35,0.2,0.5,0.4131,0.2,0.02,0.01,0.23,0.0571,2981.5,0.7445,0.056806665,23
6,7,7,200,0.327711965,0.19993101,150,60,0.03,4.096051278,0.05,0.56,361,0.0384,216.2,0.4,1.35,0.23,0.5,0.3321,0.2,0.02,0.01,0.23,0.1334,228.35,1.368,0.133288272,35
6,8,7.2,200,0.504022783,0.249913763,70,28,0.03,1.911490596,0.05,0.56,425.3,0.0476,254.7,0.58,1.4,0.35,0.5,0.5481,0.2,0.02,0.01,0.45,0.1189,240.36,2.391,0.118899598,20
6,9,6.4,90,0.443496919,0.19993101,193,77.2,0.03,5.270252644,0.05,0.56,361,0.0384,216.2,0.42,1.35,0.25,0.5,0.354375,0.2,0.02,0.01,0.23,0.1334,228.35,1.368,0.133288272,35
6,10,0,0,0,0,0,0,0,0,0.05,0.56,1191.2,0.0187,1251.2,,,,,0,0.2,0.02,0.01,,,,,,
6,11,0,0,0,0,0,0,0,0,0.05,0.56,1191.2,0.0187,1251.2,,,,,0,0.2,0.02,0.01,,,,,,
6,12,0,0,0,0,0,0,0,0,0.05,0.56,1191.2,0.0187,1251.2,,,,,0,0.2,0.02,0.01,,,,,,
6,13,0,0,0,0,0,0,0,0,0.05,0.56,1191.2,0.0187,1251.2,,,,,0,0.2,0.02,0.01,,,,,,
6,14,0,0,0,0,0,0,0,0,0.05,0.56,1191.2,0.0187,1251.2,,,,,0,0.2,0.02,0.01,,,,,,
6,15,0,0,0,0,0,0,0,0,0.05,0.56,1191.2,0.0187,1251.2,,,,,0,0.2,0.02,0.01,,,,,,
6,16,0,0,0,0,0,0,0,0,0.05,0.56,1191.2,0.0187,1251.2,,,,,0,0.2,0.02,0.01,,,,,,
6,17,0,0,0,0,0,0,0,0,0.05,0.56,1191.2,0.0187,1251.2,,,,,0,0.2,0.02,0.01,,,,,,
6,18,0,0,0,0,0,0,0,0,0.05,0.56,1191.2,0.0187,1251.2,,,,,0,0.2,0.02,0.01,,,,,,
6,19,0,0,0,0,0,0,0,0,0.05,0.56,1191.2,0.0187,1251.2,,,,,0,0.2,0.02,0.01,,,,,,
6,20,0,0,0,0,0,0,0,0,0.05,0.56,1191.2,0.0187,1251.2,,,,,0,0.2,0.02,0.01,,,,,,
6,21,0,0,0,0,0,0,0,0,0.05,0.56,1191.2,0.0187,1251.2,,,,,0,0.2,0.02,0.01,,,,,,
6,22,0,0,0,0,0,0,0,0,0.05,0.56,1191.2,0.0187,1251.2,,,,,0,0.2,0.02,0.01,,,,,,
6,23,0,0,0,0,0,0,0,0,0.05,0.56,1191.2,0.0187,1251.2,,,,,0,0.2,0.02,0.01,,,,,,
6,24,0,0,0,0,0,0,0,0,0.05,0.56,1191.2,0.0187,1251.2,,,,,0,0.2,0.02,0.01,,,,,,
6,25,0,0,0,0,0,0,0,0,0.05,0.56,1191.2,0.0187,1251.2,,,,,0,0.2,0.02,0.01,,,,,,
6,26,0,0,0,0,0,0,0,0,0.05,0.56,1191.2,0.0187,1251.2,,,,,0,0.2,0.02,0.01,,,,,,
7,1,7.2,200,0.504022783,0.249913763,70,28,0.03,1.911490596,0.05,0.56,425.3,0.0476,254.7,0.58,1.4,0.35,0.5,0.5481,0.2,0.02,0.01,0.45,0.1189,240.36,2.391,0.118899598,20
7,2,7,200,0.327711965,0.19993101,150,60,0.03,4.096051278,0.05,0.56,361,0.0384,216.2,0.4,1.3,0.23,0.5,0.3198,0.2,0.02,0.01,0.23,0.1334,228.35,1.368,0.133288272,35
7,3,7.1,200,0.415867374,0.224922387,110,44,0.03,3.003770937,0.05,0.56,361,0.0384,216.2,0.49,1.35,0.29,0.5,0.4266675,0.2,0.02,0.01,0.23,0.1334,228.35,1.368,0.133288272,35
7,4,6.4,90,0.412271034,0.19993101,50,20,0.03,1.365350426,0.05,0.56,427.8,0.0526,374.6,0.42,1.35,0.25,0.5,0.354375,0.2,0.02,0.01,0.45,0.1906,284.53,1.03,0.190081627,20
7,5,0,0,0,0,0,0,0,0,0.05,0.56,1191.2,0.0187,1251.2,,,,,0,0.2,0.02,0.01,,,,,,
7,6,0,0,0,0,0,0,0,0,0.05,0.56,1191.2,0.0187,1251.2,,,,,0,0.2,0.02,0.01,,,,,,
7,7,0,0,0,0,0,0,0,0,0.05,0.56,1191.2,0.0187,1251.2,,,,,0,0.2,0.02,0.01,,,,,,
7,8,0,0,0,0,0,0,0,0,0.05,0.56,1191.2,0.0187,1251.2,,,,,0,0.2,0.02,0.01,,,,,,
7,9,0,0,0,0,0,0,0,0,0.05,0.56,1191.2,0.0187,1251.2,,,,,0,0.2,0.02,0.01,,,,,,
7,10,0,0,0,0,0,0,0,0,0.05,0.56,1191.2,0.0187,1251.2,,,,,0,0.2,0.02,0.01,,,,,,
7,11,0,0,0,0,0,0,0,0,0.05,0.56,1191.2,0.0187,1251.2,,,,,0,0.2,0.02,0.01,,,,,,
7,12,0,0,0,0,0,0,0,0,0.05,0.56,1191.2,0.0187,1251.2,,,,,0,0.2,0.02,0.01,,,,,,
7,13,0,0,0,0,0,0,0,0,0.05,0.56,1191.2,0.0187,1251.2,,,,,0,0.2,0.02,0.01,,,,,,
7,14,0,0,0,0,0,0,0,0,0.05,0.56,1191.2,0.0187,1251.2,,,,,0,0.2,0.02,0.01,,,,,,
7,15,0,0,0,0,0,0,0,0,0.05,0.56,1191.2,0.0187,1251.2,,,,,0,0.2,0.02,0.01,,,,,,
7,16,0,0,0,0,0,0,0,0,0.05,0.56,1191.2,0.0187,1251.2,,,,,0,0.2,0.02,0.01,,,,,,
7,17,0,0,0,0,0,0,0,0,0.05,0.56,1191.2,0.0187,1251.2,,,,,0,0.2,0.02,0.01,,,,,,
7,18,0,0,0,0,0,0,0,0,0.05,0.56,1191.2,0.0187,1251.2,,,,,0,0.2,0.02,0.01,,,,,,
7,19,0,0,0,0,0,0,0,0,0.05,0.56,1191.2,0.0187,1251.2,,,,,0,0.2,0.02,0.01,,,,,,
7,20,0,0,0,0,0,0,0,0,0.05,0.56,1191.2,0.0187,1251.2,,,,,0,0.2,0.02,0.01,,,,,,
7,21,0,0,0,0,0,0,0,0,0.05,0.56,1191.2,0.0187,1251.2,,,,,0,0.2,0.02,0.01,,,,,,
7,22,0,0,0,0,0,0,0,0,0.05,0.56,1191.2,0.0187,1251.2,,,,,0,0.2,0.02,0.01,,,,,,
7,23,0,0,0,0,0,0,0,0,0.05,0.56,1191.2,0.0187,1251.2,,,,,0,0.2,0.02,0.01,,,,,,
7,24,0,0,0,0,0,0,0,0,0.05,0.56,1191.2,0.0187,1251.2,,,,,0,0.2,0.02,0.01,,,,,,
7,25,0,0,0,0,0,0,0,0,0.05,0.56,1191.2,0.0187,1251.2,,,,,0,0.2,0.02,0.01,,,,,,
7,26,0,0,0,0,0,0,0,0,0.05,0.56,1191.2,0.0187,1251.2,,,,,0,0.2,0.02,0.01,,,,,,
8,1,8.05,130,0.113090711,0.254912038,133,53.2,0.03,3.631832133,0.07,0.62,193.5,0.1034,149.85,0.55,3,0.2,0.5,0.99,0.25,0.04,0.024,0.23,0.0571,2981.5,0.7445,0.06,23
8,2,5.41,10,0.390970386,0.234918937,155,62,0.03,4.23258632,0.07,0.62,193.5,0.1034,149.85,0.4,1.3,0.2,0.5,0.312,0.25,0.04,0.024,0.23,0.0571,2981.5,0.7445,0.06,23
8,3,7.32,57,0.612,0.234918937,130,52,0.03,3.549911107,0.07,0.62,323.55,0.10755,198,0.4,1.5,0.23,0.5,0.369,0.25,0.04,0.024,1.5,0.072,331.5,1.209,0.1,35
8,4,5,33,0.9792,0.349879268,130,52,0.03,3.549911107,0.07,0.62,323.55,0.10755,198,0.45,2,0.3,0.5,0.585,0.25,0.04,0.024,1.5,0.072,331.5,1.209,0.1,35
8,5,8.33,105.5,0.412271034,0.19993101,50,20,0.03,1.365350426,0.07,0.62,361,0.0384,216.2,0.45,1.5,0.23,0.5,0.415125,0.25,0.04,0.024,0.23,0.1334,228.35,1.368,0.133288272,35
8,6,0,0,0,0,0,0,0,0,0.07,0.62,1191.2,0.0187,1251.2,,,,,0,0.25,0.04,0.024,,,,,,
8,7,0,0,0,0,0,0,0,0,0.07,0.62,1191.2,0.0187,1251.2,,,,,0,0.25,0.04,0.024,,,,,,
8,8,0,0,0,0,0,0,0,0,0.07,0.62,1191.2,0.0187,1251.2,,,,,0,0.25,0.04,0.024,,,,,,
8,9,0,0,0,0,0,0,0,0,0.07,0.62,1191.2,0.0187,1251.2,,,,,0,0.25,0.04,0.024,,,,,,
8,10,0,0,0,0,0,0,0,0,0.07,0.62,1191.2,0.0187,1251.2,,,,,0,0.25,0.04,0.024,,,,,,
8,11,0,0,0,0,0,0,0,0,0.07,0.62,1191.2,0.0187,1251.2,,,,,0,0.25,0.04,0.024,,,,,,
8,12,0,0,0,0,0,0,0,0,0.07,0.62,1191.2,0.0187,1251.2,,,,,0,0.25,0.04,0.024,,,,,,
8,13,0,0,0,0,0,0,0,0,0.07,0.62,1191.2,0.0187,1251.2,,,,,0,0.25,0.04,0.024,,,,,,
8,14,0,0,0,0,0,0,0,0,0.07,0.62,1191.2,0.0187,1251.2,,,,,0,0.25,0.04,0.024,,,,,,
8,15,0,0,0,0,0,0,0,0,0.07,0.62,1191.2,0.0187,1251.2,,,,,0,0.25,0.04,0.024,,,,,,
8,16,0,0,0,0,0,0,0,0,0.07,0.62,1191.2,0.0187,1251.2,,,,,0,0.25,0.04,0.024,,,,,,
8,17,0,0,0,0,0,0,0,0,0.07,0.62,1191.2,0.0187,1251.2,,,,,0,0.25,0.04,0.024,,,,,,
8,18,0,0,0,0,0,0,0,0,0.07,0.62,1191.2,0.0187,1251.2,,,,,0,0.25,0.04,0.024,,,,,,
8,19,0,0,0,0,0,0,0,0,0.07,0.62,1191.2,0.0187,1251.2,,,,,0,0.25,0.04,0.024,,,,,,
8,20,0,0,0,0,0,0,0,0,0.07,0.62,1191.2,0.0187,1251.2,,,,,0,0.25,0.04,0.024,,,,,,
8,21,0,0,0,0,0,0,0,0,0.07,0.62,1191.2,0.0187,1251.2,,,,,0,0.25,0.04,0.024,,,,,,
8,22,0,0,0,0,0,0,0,0,0.07,0.62,1191.2,0.0187,1251.2,,,,,0,0.25,0.04,0.024,,,,,,
8,23,0,0,0,0,0,0,0,0,0.07,0.62,1191.2,0.0187,1251.2,,,,,0,0.25,0.04,0.024,,,,,,
8,24,0,0,0,0,0,0,0,0,0.07,0.62,1191.2,0.0187,1251.2,,,,,0,0.25,0.04,0.024,,,,,,
8,25,0,0,0,0,0,0,0,0,0.07,0.62,1191.2,0.0187,1251.2,,,,,0,0.25,0.04,0.024,,,,,,
8,26,0,0,0,0,0,0,0,0,0.07,0.62,1191.2,0.0187,1251.2,,,,,0,0.25,0.04,0.024,,,,,,
9,1,6.1,20,0.155996524,0.254912038,133,53.2,0.03,3.631832133,0.07,0.85,193.5,0.1034,149.85,0.4,1.3,0.2,0.5,0.312,0.25,0.04,0.024,0.23,0.0571,2981.5,0.7445,0.06,23
9,2,5.9,9,0.427870608,0.234918937,155,62,0.03,4.23258632,0.07,0.85,193.5,0.1034,149.85,0.51,1.3,0.2,0.5,0.3978,0.25,0.04,0.024,0.23,0.0571,2981.5,0.7445,0.06,23
9,3,5.5,55,0.5304,0.25,133,53.2,0.03,3.631832133,0.07,0.85,323.55,0.10755,198,0.4,1.45,0.23,0.5,0.3567,0.25,0.04,0.024,1.5,0.072,331.5,1.209,0.1,35
9,4,5.5,55,0.5304,0.25,133,53.2,0.03,3.631832133,0.07,0.85,323.55,0.10755,198,0.42,1.45,0.23,0.5,0.374535,0.25,0.04,0.024,1.5,0.072,331.5,1.209,0.1,35
9,5,5.7,55,0.765,0.25,133,53.2,0.03,3.631832133,0.07,0.85,323.55,0.10755,198,0.45,1.35,0.23,0.5,0.3736125,0.25,0.04,0.024,1.5,0.072,331.5,1.209,0.1,35
9,6,5.2,20,0.816,0.35,120,48,0.03,3.276841022,0.07,0.85,323.55,0.10755,198,0.4,1.6,0.2,0.5,0.384,0.25,0.04,0.024,1.5,0.072,331.5,1.209,0.1,35
9,7,6.6,30,0.155996524,0.254912038,133,53.2,0.03,3.631832133,0.07,0.85,193.5,0.1034,149.85,0.4,1.3,0.2,0.5,0.312,0.25,0.04,0.024,0.23,0.0571,2981.5,0.7445,0.06,23
9,8,6,10.1,0.427870608,0.234918937,155,62,0.03,4.23258632,0.07,0.85,193.5,0.1034,149.85,0.51,1.3,0.2,0.5,0.3978,0.25,0.04,0.024,0.23,0.0571,2981.5,0.7445,0.06,23
9,9,5.5,55,0.5304,0.25,133,53.2,0.03,3.631832133,0.07,0.85,323.55,0.10755,198,0.4,1.45,0.23,0.5,0.3567,0.25,0.04,0.024,1.5,0.072,331.5,1.209,0.1,35
9,10,5.5,55,0.5304,0.25,133,53.2,0.03,3.631832133,0.07,0.85,323.55,0.10755,198,0.42,1.45,0.23,0.5,0.374535,0.25,0.04,0.024,1.5,0.072,331.5,1.209,0.1,35
9,11,5.7,55,0.765,0.25,133,53.2,0.03,3.631832133,0.07,0.85,323.55,0.10755,198,0.45,1.35,0.23,0.5,0.3736125,0.25,0.04,0.024,1.5,0.072,331.5,1.209,0.1,35
9,12,5.2,20,0.816,0.35,120,48,0.03,3.276841022,0.07,0.85,323.55,0.10755,198,0.4,1.6,0.2,0.5,0.384,0.25,0.04,0.024,1.5,0.072,331.5,1.209,0.1,35
9,13,0,0,0,0,0,0,0,0,0.07,0.85,1191.2,0.0187,1251.2,,,,,0,0.25,0.04,0.024,,,,,,
9,14,0,0,0,0,0,0,0,0,0.07,0.85,1191.2,0.0187,1251.2,,,,,0,0.25,0.04,0.024,,,,,,
9,15,0,0,0,0,0,0,0,0,0.07,0.85,1191.2,0.0187,1251.2,,,,,0,0.25,0.04,0.024,,,,,,
9,16,0,0,0,0,0,0,0,0,0.07,0.85,1191.2,0.0187,1251.2,,,,,0,0.25,0.04,0.024,,,,,,
9,17,0,0,0,0,0,0,0,0,0.07,0.85,1191.2,0.0187,1251.2,,,,,0,0.25,0.04,0.024,,,,,,
9,18,0,0,0,0,0,0,0,0,0.07,0.85,1191.2,0.0187,1251.2,,,,,0,0.25,0.04,0.024,,,,,,
9,19,0,0,0,0,0,0,0,0,0.07,0.85,1191.2,0.0187,1251.2,,,,,0,0.25,0.04,0.024,,,,,,
9,20,0,0,0,0,0,0,0,0,0.07,0.85,1191.2,0.0187,1251.2,,,,,0,0.25,0.04,0.024,,,,,,
9,21,0,0,0,0,0,0,0,0,0.07,0.85,1191.2,0.0187,1251.2,,,,,0,0.25,0.04,0.024,,,,,,
9,22,0,0,0,0,0,0,0,0,0.07,0.85,1191.2,0.0187,1251.2,,,,,0,0.25,0.04,0.024,,,,,,
9,23,0,0,0,0,0,0,0,0,0.07,0.85,1191.2,0.0187,1251.2,,,,,0,0.25,0.04,0.024,,,,,,
9,24,0,0,0,0,0,0,0,0,0.07,0.85,1191.2,0.0187,1251.2,,,,,0,0.25,0.04,0.024,,,,,,
9,25,0,0,0,0,0,0,0,0,0.07,0.85,1191.2,0.0187,1251.2,,,,,0,0.25,0.04,0.024,,,,,,
9,26,0,0,0,0,0,0,0,0,0.07,0.85,1191.2,0.0187,1251.2,,,,,0,0.25,0.04,0.024,,,,,,
10,1,6.2,20,0.109783173,0.254912038,133,53.2,0.03,3.631832133,0.07,0.54,193.5,0.1034,149.85,0.4,1.3,0.2,0.5,0.312,0.25,0.04,0.024,0.23,0.0571,2981.5,0.7445,0.06,23
10,2,6,9,0.207432039,0.234918937,155,62,0.03,4.23258632,0.07,0.54,193.5,0.1034,149.85,0.51,1.3,0.2,0.5,0.3978,0.25,0.04,0.024,0.23,0.0571,2981.5,0.7445,0.06,23
10,3,5.2,20,0.918,0.35,120,48,0.03,3.276841022,0.07,0.54,323.55,0.10755,198,0.4,1.5,0.2,0.5,0.36,0.25,0.04,0.024,1.5,0.072,331.5,1.209,0.1,35
10,4,5.7,55,0.918,0.25,133,53.2,0.03,3.631832133,0.07,0.54,323.55,0.10755,198,0.51,1.5,0.2,0.5,0.459,0.25,0.04,0.024,1.5,0.072,331.5,1.209,0.1,35
10,5,5.6,55,1.326,0.25,133,53.2,0.03,3.631832133,0.07,0.54,323.55,0.10755,198,0.45,1.35,0.3,0.5,0.394875,0.25,0.04,0.024,1.5,0.072,331.5,1.209,0.1,35
10,6,6.7,30,0.109783173,0.254912038,133,53.2,0.03,3.631832133,0.07,0.54,193.5,0.1034,149.85,0.4,1.3,0.2,0.5,0.312,0.25,0.04,0.024,0.23,0.0571,2981.5,0.7445,0.06,23
10,7,6,10.1,0.207432039,0.234918937,155,62,0.03,4.23258632,0.07,0.54,193.5,0.1034,149.85,0.51,1.3,0.2,0.5,0.3978,0.25,0.04,0.024,0.23,0.0571,2981.5,0.7445,0.06,23
10,8,5.2,20,0.918,0.35,120,48,0.03,3.276841022,0.07,0.54,323.55,0.10755,198,0.4,1.5,0.2,0.5,0.36,0.25,0.04,0.024,1.5,0.072,331.5,1.209,0.1,35
10,9,5.7,55,0.918,0.25,133,53.2,0.03,3.631832133,0.07,0.54,323.55,0.10755,198,0.51,1.5,0.2,0.5,0.459,0.25,0.04,0.024,1.5,0.072,331.5,1.209,0.1,35
10,10,5.6,55,1.326,0.25,133,53.2,0.03,3.631832133,0.07,0.54,323.55,0.10755,198,0.45,1.35,0.3,0.5,0.394875,0.25,0.04,0.024,1.5,0.072,331.5,1.209,0.1,35
10,11,0,0,0,0,0,0,0,0,0.07,0.54,1191.2,0.0187,1251.2,,,,,0,0.25,0.04,0.024,,,,,,
10,12,0,0,0,0,0,0,0,0,0.07,0.54,1191.2,0.0187,1251.2,,,,,0,0.25,0.04,0.024,,,,,,
10,13,0,0,0,0,0,0,0,0,0.07,0.54,1191.2,0.0187,1251.2,,,,,0,0.25,0.04,0.024,,,,,,
10,14,0,0,0,0,0,0,0,0,0.07,0.54,1191.2,0.0187,1251.2,,,,,0,0.25,0.04,0.024,,,,,,
10,15,0,0,0,0,0,0,0,0,0.07,0.54,1191.2,0.0187,1251.2,,,,,0,0.25,0.04,0.024,,,,,,
10,16,0,0,0,0,0,0,0,0,0.07,0.54,1191.2,0.0187,1251.2,,,,,0,0.25,0.04,0.024,,,,,,
10,17,0,0,0,0,0,0,0,0,0.07,0.54,1191.2,0.0187,1251.2,,,,,0,0.25,0.04,0.024,,,,,,
10,18,0,0,0,0,0,0,0,0,0.07,0.54,1191.2,0.0187,1251.2,,,,,0,0.25,0.04,0.024,,,,,,
10,19,0,0,0,0,0,0,0,0,0.07,0.54,1191.2,0.0187,1251.2,,,,,0,0.25,0.04,0.024,,,,,,
10,20,0,0,0,0,0,0,0,0,0.07,0.54,1191.2,0.0187,1251.2,,,,,0,0.25,0.04,0.024,,,,,,
10,21,0,0,0,0,0,0,0,0,0.07,0.54,1191.2,0.0187,1251.2,,,,,0,0.25,0.04,0.024,,,,,,
10,22,0,0,0,0,0,0,0,0,0.07,0.54,1191.2,0.0187,1251.2,,,,,0,0.25,0.04,0.024,,,,,,
10,23,0,0,0,0,0,0,0,0,0.07,0.54,1191.2,0.0187,1251.2,,,,,0,0.25,0.04,0.024,,,,,,
10,24,0,0,0,0,0,0,0,0,0.07,0.54,1191.2,0.0187,1251.2,,,,,0,0.25,0.04,0.024,,,,,,
10,25,0,0,0,0,0,0,0,0,0.07,0.54,1191.2,0.0187,1251.2,,,,,0,0.25,0.04,0.024,,,,,,
10,26,0,0,0,0,0,0,0,0,0.07,0.54,1191.2,0.0187,1251.2,,,,,0,0.25,0.04,0.024,,,,,,
11,1,6.3,25,0.178463404,0.254912038,133,53.2,0.03,3.631832133,0.07,0.41,193.5,0.1034,149.85,0.4,1.3,0.2,0.5,0.312,0.25,0.04,0.024,0.23,0.0571,2981.5,0.7445,0.06,23
11,2,6.2,10.1,0.204185279,0.234918937,155,62,0.03,4.23258632,0.07,0.41,193.5,0.1034,149.85,0.51,1.3,0.2,0.5,0.3978,0.25,0.04,0.024,0.23,0.0571,2981.5,0.7445,0.06,23
11,3,5.65,33,1.02,0.349879268,120,48,0.03,3.276841022,0.07,0.41,323.55,0.10755,198,0.4,1.6,0.2,0.5,0.384,0.25,0.04,0.024,1.5,0.072,331.5,1.209,0.1,35
11,4,5.65,33,1.02,0.349879268,130,52,0.03,3.549911107,0.07,0.41,323.55,0.10755,198,0.51,1.6,0.2,0.5,0.4896,0.25,0.04,0.024,1.5,0.072,331.5,1.209,0.1,35
11,5,6.5,30,0.178463404,0.254912038,133,53.2,0.03,3.631832133,0.07,0.41,193.5,0.1034,149.85,0.4,1.3,0.2,0.5,0.312,0.25,0.04,0.024,0.23,0.0571,2981.5,0.7445,0.06,23
11,6,6.8,10.1,0.204185279,0.234918937,155,62,0.03,4.23258632,0.07,0.41,193.5,0.1034,149.85,0.51,1.3,0.2,0.5,0.3978,0.25,0.04,0.024,0.23,0.0571,2981.5,0.7445,0.06,23
11,7,5.65,33,1.02,0.349879268,120,48,0.03,3.276841022,0.07,0.41,323.55,0.10755,198,0.4,1.6,0.2,0.5,0.384,0.25,0.04,0.024,1.5,0.072,331.5,1.209,0.1,35
11,8,5.65,33,1.02,0.349879268,130,52,0.03,3.549911107,0.07,0.41,323.55,0.10755,198,0.51,1.6,0.2,0.5,0.4896,0.25,0.04,0.024,1.5,0.072,331.5,1.209,0.1,35
11,9,0,0,0,0,0,0,0,0,0.07,0.41,1191.2,0.0187,1251.2,,,,,0,0.25,0.04,0.024,,,,,,
11,10,0,0,0,0,0,0,0,0,0.07,0.41,1191.2,0.0187,1251.2,,,,,0,0.25,0.04,0.024,,,,,,
11,11,0,0,0,0,0,0,0,0,0.07,0.41,1191.2,0.0187,1251.2,,,,,0,0.25,0.04,0.024,,,,,,
11,12,0,0,0,0,0,0,0,0,0.07,0.41,1191.2,0.0187,1251.2,,,,,0,0.25,0.04,0.024,,,,,,
11,13,0,0,0,0,0,0,0,0,0.07,0.41,1191.2,0.0187,1251.2,,,,,0,0.25,0.04,0.024,,,,,,
11,14,0,0,0,0,0,0,0,0,0.07,0.41,1191.2,0.0187,1251.2,,,,,0,0.25,0.04,0.024,,,,,,
11,15,0,0,0,0,0,0,0,0,0.07,0.41,1191.2,0.0187,1251.2,,,,,0,0.25,0.04,0.024,,,,,,
11,16,0,0,0,0,0,0,0,0,0.07,0.41,1191.2,0.0187,1251.2,,,,,0,0.25,0.04,0.024,,,,,,
11,17,0,0,0,0,0,0,0,0,0.07,0.41,1191.2,0.0187,1251.2,,,,,0,0.25,0.04,0.024,,,,,,
11,18,0,0,0,0,0,0,0,0,0.07,0.41,1191.2,0.0187,1251.2,,,,,0,0.25,0.04,0.024,,,,,,
11,19,0,0,0,0,0,0,0,0,0.07,0.41,1191.2,0.0187,1251.2,,,,,0,0.25,0.04,0.024,,,,,,
11,20,0,0,0,0,0,0,0,0,0.07,0.41,1191.2,0.0187,1251.2,,,,,0,0.25,0.04,0.024,,,,,,
11,21,0,0,0,0,0,0,0,0,0.07,0.41,1191.2,0.0187,1251.2,,,,,0,0.25,0.04,0.024,,,,,,
11,22,0,0,0,0,0,0,0,0,0.07,0.41,1191.2,0.0187,1251.2,,,,,0,0.25,0.04,0.024,,,,,,
11,23,0,0,0,0,0,0,0,0,0.07,0.41,1191.2,0.0187,1251.2,,,,,0,0.25,0.04,0.024,,,,,,
11,24,0,0,0,0,0,0,0,0,0.07,0.41,1191.2,0.0187,1251.2,,,,,0,0.25,0.04,0.024,,,,,,
11,25,0,0,0,0,0,0,0,0,0.07,0.41,1191.2,0.0187,1251.2,,,,,0,0.25,0.04,0.024,,,,,,
11,26,0,0,0,0,0,0,0,0,0.07,0.41,1191.2,0.0187,1251.2,,,,,0,0.25,0.04,0.024,,,,,,
12,1,8.05,130,0.177660603,0.224922387,130,52,0.03,3.549911107,0.07,0.61,193.5,0.1034,149.85,0.4,1.3,0.2,0.5,0.312,0.25,0.04,0.024,0.23,0.0571,2981.5,0.7445,0.06,23
12,2,6.8,10.1,0.236882459,0.234918937,130,52,0.03,3.549911107,0.07,0.61,193.5,0.1034,149.85,0.51,1.3,0.2,0.5,0.3978,0.25,0.04,0.024,0.23,0.0571,2981.5,0.7445,0.06,23
12,3,6.784,95,1.02,0.349879268,130,52,0.03,3.549911107,0.07,0.61,323.55,0.10755,198,0.6,1.6,0.22,0.5,0.5856,0.25,0.04,0.024,1.5,0.072,331.5,1.209,0.1,35
12,4,5.6,33,1.53,0.234918937,130,52,0.03,3.549911107,0.07,0.61,323.55,0.10755,198,0.55,1.6,0.22,0.5,0.5368,0.25,0.04,0.024,1.5,0.072,331.5,1.209,0.1,35
12,5,5.6,33,1.53,0.349879268,130,52,0.03,3.549911107,0.07,0.61,323.55,0.10755,198,0.56,1.6,0.22,0.5,0.54656,0.25,0.04,0.024,1.5,0.072,331.5,1.209,0.1,35
12,6,8.05,130,0.177660603,0.224922387,130,52,0.03,3.549911107,0.07,0.61,193.5,0.1034,149.85,0.4,1.3,0.2,0.5,0.312,0.25,0.04,0.024,0.23,0.0571,2981.5,0.7445,0.06,23
12,7,6.8,10.1,0.236882459,0.234918937,130,52,0.03,3.549911107,0.07,0.61,193.5,0.1034,149.85,0.51,1.3,0.2,0.5,0.3978,0.25,0.04,0.024,0.23,0.0571,2981.5,0.7445,0.06,23
12,8,6.784,95,1.02,0.349879268,130,52,0.03,3.549911107,0.07,0.61,323.55,0.10755,198,0.6,1.6,0.22,0.5,0.5856,0.25,0.04,0.024,1.5,0.072,331.5,1.209,0.1,35
12,9,5.6,33,1.53,0.234918937,130,52,0.03,3.549911107,0.07,0.61,323.55,0.10755,198,0.55,1.6,0.22,0.5,0.5368,0.25,0.04,0.024,1.5,0.072,331.5,1.209,0.1,35
12,10,5.6,33,1.53,0.349879268,130,52,0.03,3.549911107,0.07,0.61,323.55,0.10755,198,0.56,1.6,0.22,0.5,0.54656,0.25,0.04,0.024,1.5,0.072,331.5,1.209,0.1,35
12,11,0,0,0,0,0,0,0,0,0.07,0.61,1191.2,0.0187,1251.2,,,,,0,0.25,0.04,0.024,,,,,,
12,12,0,0,0,0,0,0,0,0,0.07,0.61,1191.2,0.0187,1251.2,,,,,0,0.25,0.04,0.024,,,,,,
12,13,0,0,0,0,0,0,0,0,0.07,0.61,1191.2,0.0187,1251.2,,,,,0,0.25,0.04,0.024,,,,,,
12,14,0,0,0,0,0,0,0,0,0.07,0.61,1191.2,0.0187,1251.2,,,,,0,0.25,0.04,0.024,,,,,,
12,15,0,0,0,0,0,0,0,0,0.07,0.61,1191.2,0.0187,1251.2,,,,,0,0.25,0.04,0.024,,,,,,
12,16,0,0,0,0,0,0,0,0,0.07,0.61,1191.2,0.0187,1251.2,,,,,0,0.25,0.04,0.024,,,,,,
12,17,0,0,0,0,0,0,0,0,0.07,0.61,1191.2,0.0187,1251.2,,,,,0,0.25,0.04,0.024,,,,,,
12,18,0,0,0,0,0,0,0,0,0.07,0.61,1191.2,0.0187,1251.2,,,,,0,0.25,0.04,0.024,,,,,,
12,19,0,0,0,0,0,0,0,0,0.07,0.61,1191.2,0.0187,1251.2,,,,,0,0.25,0.04,0.024,,,,,,
12,20,0,0,0,0,0,0,0,0,0.07,0.61,1191.2,0.0187,1251.2,,,,,0,0.25,0.04,0.024,,,,,,
12,21,0,0,0,0,0,0,0,0,0.07,0.61,1191.2,0.0187,1251.2,,,,,0,0.25,0.04,0.024,,,,,,
12,22,0,0,0,0,0,0,0,0,0.07,0.61,1191.2,0.0187,1251.2,,,,,0,0.25,0.04,0.024,,,,,,
12,23,0,0,0,0,0,0,0,0,0.07,0.61,1191.2,0.0187,1251.2,,,,,0,0.25,0.04,0.024,,,,,,
12,24,0,0,0,0,0,0,0,0,0.07,0.61,1191.2,0.0187,1251.2,,,,,0,0.25,0.04,0.024,,,,,,
12,25,0,0,0,0,0,0,0,0,0.07,0.61,1191.2,0.0187,1251.2,,,,,0,0.25,0.04,0.024,,,,,,
12,26,0,0,0,0,0,0,0,0,0.07,0.61,1191.2,0.0187,1251.2,,,,,0,0.25,0.04,0.024,,,,,,
13,1,6.15,30,0.040191102,0.224922387,122,48.8,0.03,3.331455039,0.05,0.49,193.5,0.1034,149.85,0.4,1.3,0.2,0.5,0.312,0.2,0.02,0.01,0.23,0.0571,2981.5,0.7445,0.06,23
13,2,6.8,10.1,0.06304369,0.234918937,155,62,0.03,4.23258632,0.05,0.49,193.5,0.1034,149.85,0.51,1.3,0.2,0.5,0.3978,0.2,0.02,0.01,0.23,0.0571,2981.5,0.7445,0.06,23
13,3,7.32,57,0.51,0.234918937,100,40,0.03,2.730700852,0.05,0.49,280.2,0.106166667,181.95,0.51,1.3,0.2,0.5,0.3978,0.2,0.02,0.01,0.35,0.067033333,1214.833333,1.054166667,0.09,23
13,4,7.32,130,0.459,0.234918937,100,40,0.03,2.730700852,0.05,0.49,280.2,0.106166667,181.95,0.55,1.3,0.22,0.5,0.43615,0.2,0.02,0.01,0.35,0.067033333,1214.833333,1.054166667,0.09,23
13,5,5,33,0.51,0.349879268,100,40,0.03,2.730700852,0.05,0.49,280.2,0.106166667,181.95,0.56,1.3,0.22,0.5,0.44408,0.2,0.02,0.01,0.35,0.067033333,1214.833333,1.054166667,0.09,23
13,6,7,55,0.040191102,0.224922387,122,48.8,0.03,3.331455039,0.05,0.49,193.5,0.1034,149.85,0.4,1.3,0.2,0.5,0.312,0.2,0.02,0.01,0.23,0.0571,2981.5,0.7445,0.06,23
13,7,6.8,10.1,0.06304369,0.234918937,155,62,0.03,4.23258632,0.05,0.49,193.5,0.1034,149.85,0.51,1.3,0.2,0.5,0.3978,0.2,0.02,0.01,0.23,0.0571,2981.5,0.7445,0.06,23
13,8,7.32,57,0.51,0.234918937,100,40,0.03,2.730700852,0.05,0.49,280.2,0.106166667,181.95,0.51,1.3,0.2,0.5,0.3978,0.2,0.02,0.01,0.35,0.067033333,1214.833333,1.054166667,0.09,23
13,9,7.32,130,0.459,0.234918937,100,40,0.03,2.730700852,0.05,0.49,280.2,0.106166667,181.95,0.55,1.3,0.22,0.5,0.43615,0.2,0.02,0.01,0.35,0.067033333,1214.833333,1.054166667,0.09,23
13,10,5,33,0.51,0.349879268,100,40,0.03,2.730700852,0.05,0.49,280.2,0.106166667,181.95,0.56,1.3,0.22,0.5,0.44408,0.2,0.02,0.01,0.35,0.067033333,1214.833333,1.054166667,0.09,23
13,11,0,0,0,0,0,0,0,0,0.05,0.49,1191.2,0.0187,1251.2,,,,,0,0.2,0.02,0.01,0.23,,,,0.06,23
13,12,0,0,0,0,0,0,0,0,0.05,0.49,1191.2,0.0187,1251.2,,,,,0,0.2,0.02,0.01,,,,,,
13,13,0,0,0,0,0,0,0,0,0.05,0.49,1191.2,0.0187,1251.2,,,,,0,0.2,0.02,0.01,,,,,,
13,14,0,0,0,0,0,0,0,0,0.05,0.49,1191.2,0.0187,1251.2,,,,,0,0.2,0.02,0.01,,,,,,
13,15,0,0,0,0,0,0,0,0,0.05,0.49,1191.2,0.0187,1251.2,,,,,0,0.2,0.02,0.01,,,,,,
13,16,0,0,0,0,0,0,0,0,0.05,0.49,1191.2,0.0187,1251.2,,,,,0,0.2,0.02,0.01,,,,,,
13,17,0,0,0,0,0,0,0,0,0.05,0.49,1191.2,0.0187,1251.2,,,,,0,0.2,0.02,0.01,,,,,,
13,18,0,0,0,0,0,0,0,0,0.05,0.49,1191.2,0.0187,1251.2,,,,,0,0.2,0.02,0.01,,,,,,
13,19,0,0,0,0,0,0,0,0,0.05,0.49,1191.2,0.0187,1251.2,,,,,0,0.2,0.02,0.01,,,,,,
13,20,0,0,0,0,0,0,0,0,0.05,0.49,1191.2,0.0187,1251.2,,,,,0,0.2,0.02,0.01,,,,,,
13,21,0,0,0,0,0,0,0,0,0.05,0.49,1191.2,0.0187,1251.2,,,,,0,0.2,0.02,0.01,,,,,,
13,22,0,0,0,0,0,0,0,0,0.05,0.49,1191.2,0.0187,1251.2,,,,,0,0.2,0.02,0.01,,,,,,
13,23,0,0,0,0,0,0,0,0,0.05,0.49,1191.2,0.0187,1251.2,,,,,0,0.2,0.02,0.01,,,,,,
13,24,0,0,0,0,0,0,0,0,0.05,0.49,1191.2,0.0187,1251.2,,,,,0,0.2,0.02,0.01,,,,,,
13,25,0,0,0,0,0,0,0,0,0.05,0.49,1191.2,0.0187,1251.2,,,,,0,0.2,0.02,0.01,,,,,,
13,26,0,0,0,0,0,0,0,0,0.05,0.49,1191.2,0.0187,1251.2,,,,,0,0.2,0.02,0.01,,,,,,
14,1,6.027,30,0.409364243,0.224922387,130,52,0.03,3.549911107,0.05,0.62,1191.2,0.0187,1251.2,0.44,1.3,0.3,0.5,0.3718,0.2,0.02,0.01,0.23,0.284,848.73,0.379,0.255839748,23
14,2,6.027,30,0.434009715,0.254912038,130,52,0.03,3.549911107,0.05,0.62,1191.2,0.0187,1251.2,0.5,1.4,0.35,0.5,0.4725,0.2,0.02,0.01,0.23,0.284,848.73,0.379,0.255839748,23
14,3,0,0,0,0,0,0,0,0,0.05,0.62,1191.2,0.0187,1251.2,,,,,0,0.2,0.02,0.01,,,,,,
14,4,0,0,0,0,0,0,0,0,0.05,0.62,1191.2,0.0187,1251.2,,,,,0,0.2,0.02,0.01,,,,,,
14,5,0,0,0,0,0,0,0,0,0.05,0.62,1191.2,0.0187,1251.2,,,,,0,0.2,0.02,0.01,,,,,,
14,6,0,0,0,0,0,0,0,0,0.05,0.62,1191.2,0.0187,1251.2,,,,,0,0.2,0.02,0.01,,,,,,
14,7,0,0,0,0,0,0,0,0,0.05,0.62,1191.2,0.0187,1251.2,,,,,0,0.2,0.02,0.01,,,,,,
14,8,0,0,0,0,0,0,0,0,0.05,0.62,1191.2,0.0187,1251.2,,,,,0,0.2,0.02,0.01,,,,,,
14,9,0,0,0,0,0,0,0,0,0.05,0.62,1191.2,0.0187,1251.2,,,,,0,0.2,0.02,0.01,,,,,,
14,10,0,0,0,0,0,0,0,0,0.05,0.62,1191.2,0.0187,1251.2,,,,,0,0.2,0.02,0.01,,,,,,
14,11,0,0,0,0,0,0,0,0,0.05,0.62,1191.2,0.0187,1251.2,,,,,0,0.2,0.02,0.01,,,,,,
14,12,0,0,0,0,0,0,0,0,0.05,0.62,1191.2,0.0187,1251.2,,,,,0,0.2,0.02,0.01,,,,,,
14,13,0,0,0,0,0,0,0,0,0.05,0.62,1191.2,0.0187,1251.2,,,,,0,0.2,0.02,0.01,,,,,,
14,14,0,0,0,0,0,0,0,0,0.05,0.62,1191.2,0.0187,1251.2,,,,,0,0.2,0.02,0.01,,,,,,
14,15,0,0,0,0,0,0,0,0,0.05,0.62,1191.2,0.0187,1251.2,,,,,0,0.2,0.02,0.01,,,,,,
14,16,0,0,0,0,0,0,0,0,0.05,0.62,1191.2,0.0187,1251.2,,,,,0,0.2,0.02,0.01,,,,,,
14,17,0,0,0,0,0,0,0,0,0.05,0.62,1191.2,0.0187,1251.2,,,,,0,0.2,0.02,0.01,,,,,,
14,18,0,0,0,0,0,0,0,0,0.05,0.62,1191.2,0.0187,1251.2,,,,,0,0.2,0.02,0.01,,,,,,
14,19,0,0,0,0,0,0,0,0,0.05,0.62,1191.2,0.0187,1251.2,,,,,0,0.2,0.02,0.01,,,,,,
14,20,0,0,0,0,0,0,0,0,0.05,0.62,1191.2,0.0187,1251.2,,,,,0,0.2,0.02,0.01,,,,,,
14,21,0,0,0,0,0,0,0,0,0.05,0.62,1191.2,0.0187,1251.2,,,,,0,0.2,0.02,0.01,,,,,,
14,22,0,0,0,0,0,0,0,0,0.05,0.62,1191.2,0.0187,1251.2,,,,,0,0.2,0.02,0.01,,,,,,
14,23,0,0,0,0,0,0,0,0,0.05,0.62,1191.2,0.0187,1251.2,,,,,0,0.2,0.02,0.01,,,,,,
14,24,0,0,0,0,0,0,0,0,0.05,0.62,1191.2,0.0187,1251.2,,,,,0,0.2,0.02,0.01,,,,,,
14,25,0,0,0,0,0,0,0,0,0.05,0.62,1191.2,0.0187,1251.2,,,,,0,0.2,0.02,0.01,,,,,,
14,26,0,0,0,0,0,0,0,0,0.05,0.62,1191.2,0.0187,1251.2,,,,,0,0.2,0.02,0.01,,,,,,
15,1,5.3,25,0.178463404,0.254912038,133,53.2,0.03,3.631832133,0.05,0.41,193.5,0.1034,149.85,0.4,1.3,0.2,0.5,0.312,0.25,0.04,0.024,0.23,0.0571,2981.5,0.7445,0.06,23
15,2,6,10.1,0.204185279,0.234918937,155,62,0.03,4.23258632,0.05,0.41,193.5,0.1034,149.85,0.51,1.3,0.2,0.5,0.3978,0.25,0.04,0.024,0.23,0.0571,2981.5,0.7445,0.06,23
15,3,5.05,33,1.02,0.349879268,120,48,0.03,3.276841022,0.05,0.41,323.55,0.10755,198,0.4,1.5,0.2,0.5,0.36,0.25,0.04,0.024,1.5,0.072,331.5,1.209,0.1,35
15,4,7.3932,57,0.612,0.234918937,130,52,0.03,3.549911107,0.05,0.41,323.55,0.10755,198,0.51,1.5,0.2,0.5,0.459,0.25,0.04,0.024,1.5,0.072,331.5,1.209,0.1,35
15,5,5.353,25,0.178463404,0.254912038,133,53.2,0.03,3.631832133,0.05,0.41,193.5,0.1034,149.85,0.4,1.3,0.2,0.5,0.312,0.25,0.04,0.024,0.23,0.0571,2981.5,0.7445,0.06,23
15,6,6.06,10.1,0.204185279,0.234918937,155,62,0.03,4.23258632,0.05,0.41,193.5,0.1034,149.85,0.51,1.3,0.2,0.5,0.3978,0.25,0.04,0.024,0.23,0.0571,2981.5,0.7445,0.06,23
15,7,5.05,33,1.02,0.349879268,120,48,0.03,3.276841022,0.05,0.41,323.55,0.10755,198,0.4,1.5,0.2,0.5,0.36,0.25,0.04,0.024,1.5,0.072,331.5,1.209,0.1,35
15,8,7.3932,57,0.612,0.234918937,130,52,0.03,3.549911107,0.05,0.41,323.55,0.10755,198,0.51,1.5,0.2,0.5,0.459,0.25,0.04,0.024,1.5,0.072,331.5,1.209,0.1,35
15,9,0,0,0,0,0,0,0,0,0.05,0.41,1191.2,0.0187,1251.2,,,,,0,0.25,0.04,0.024,,,,,,
15,10,0,0,0,0,0,0,0,0,0.05,0.41,1191.2,0.0187,1251.2,,,,,0,0.25,0.04,0.024,,,,,,
15,11,0,0,0,0,0,0,0,0,0.05,0.41,1191.2,0.0187,1251.2,,,,,0,0.25,0.04,0.024,,,,,,
15,12,0,0,0,0,0,0,0,0,0.05,0.41,1191.2,0.0187,1251.2,,,,,0,0.25,0.04,0.024,,,,,,
15,13,0,0,0,0,0,0,0,0,0.05,0.41,1191.2,0.0187,1251.2,,,,,0,0.25,0.04,0.024,,,,,,
15,14,0,0,0,0,0,0,0,0,0.05,0.41,1191.2,0.0187,1251.2,,,,,0,0.25,0.04,0.024,,,,,,
15,15,0,0,0,0,0,0,0,0,0.05,0.41,1191.2,0.0187,1251.2,,,,,0,0.25,0.04,0.024,,,,,,
15,16,0,0,0,0,0,0,0,0,0.05,0.41,1191.2,0.0187,1251.2,,,,,0,0.25,0.04,0.024,,,,,,
15,17,0,0,0,0,0,0,0,0,0.05,0.41,1191.2,0.0187,1251.2,,,,,0,0.25,0.04,0.024,,,,,,
15,18,0,0,0,0,0,0,0,0,0.05,0.41,1191.2,0.0187,1251.2,,,,,0,0.25,0.04,0.024,,,,,,
15,19,0,0,0,0,0,0,0,0,0.05,0.41,1191.2,0.0187,1251.2,,,,,0,0.25,0.04,0.024,,,,,,
15,20,0,0,0,0,0,0,0,0,0.05,0.41,1191.2,0.0187,1251.2,,,,,0,0.25,0.04,0.024,,,,,,
15,21,0,0,0,0,0,0,0,0,0.05,0.41,1191.2,0.0187,1251.2,,,,,0,0.25,0.04,0.024,,,,,,
15,22,0,0,0,0,0,0,0,0,0.05,0.41,1191.2,0.0187,1251.2,,,,,0,0.25,0.04,0.024,,,,,,
15,23,0,0,0,0,0,0,0,0,0.05,0.41,1191.2,0.0187,1251.2,,,,,0,0.25,0.04,0.024,,,,,,
15,24,0,0,0,0,0,0,0,0,0.05,0.41,1191.2,0.0187,1251.2,,,,,0,0.25,0.04,0.024,,,,,,
15,25,0,0,0,0,0,0,0,0,0.05,0.41,1191.2,0.0187,1251.2,,,,,0,0.25,0.04,0.024,,,,,,
15,26,0,0,0,0,0,0,0,0,0.05,0.41,1191.2,0.0187,1251.2,,,,,0,0.25,0.04,0.024,,,,,,
16,1,6.944,85,0.929362571,0.224922387,140,56,0.03,3.822981193,0.05,0.62,193.5,0.1034,149.85,0.4,1.3,0.3,0.5,0.338,0.25,0.04,0.024,0.23,0.0571,2981.5,0.7445,0.056806665,23
16,2,6.72,47.70412885,0.815848747,0.224922387,120,48,0.03,3.276841022,0.05,0.62,323.55,0.10755,198,0.5,1.3,0.2,0.5,0.39,0.25,0.04,0.024,0.45,0.072,331.5,1.209,0.071907904,21
16,3,6.944,85,0.929362571,0.224922387,140,56,0.03,3.822981193,0.05,0.62,258.525,0.105475,173.925,0.45,1.3,0.25,0.5,0.365625,0.25,0.04,0.024,0.34,0.06455,1656.5,0.97675,0.064357285,22
16,4,0,0,0,0,0,0,0,0,0.05,0.62,1191.2,0.0187,1251.2,,,,,0,0.25,0.04,0.024,,,,,,
16,5,0,0,0,0,0,0,0,0,0.05,0.62,1191.2,0.0187,1251.2,,,,,0,0.25,0.04,0.024,,,,,,
16,6,0,0,0,0,0,0,0,0,0.05,0.62,1191.2,0.0187,1251.2,,,,,0,0.25,0.04,0.024,,,,,,
16,7,0,0,0,0,0,0,0,0,0.05,0.62,1191.2,0.0187,1251.2,,,,,0,0.25,0.04,0.024,,,,,,
16,8,0,0,0,0,0,0,0,0,0.05,0.62,1191.2,0.0187,1251.2,,,,,0,0.25,0.04,0.024,,,,,,
16,9,0,0,0,0,0,0,0,0,0.05,0.62,1191.2,0.0187,1251.2,,,,,0,0.25,0.04,0.024,,,,,,
16,10,0,0,0,0,0,0,0,0,0.05,0.62,1191.2,0.0187,1251.2,,,,,0,0.25,0.04,0.024,,,,,,
16,11,0,0,0,0,0,0,0,0,0.05,0.62,1191.2,0.0187,1251.2,,,,,0,0.25,0.04,0.024,,,,,,
16,12,0,0,0,0,0,0,0,0,0.05,0.62,1191.2,0.0187,1251.2,,,,,0,0.25,0.04,0.024,,,,,,
16,13,0,0,0,0,0,0,0,0,0.05,0.62,1191.2,0.0187,1251.2,,,,,0,0.25,0.04,0.024,,,,,,
16,14,0,0,0,0,0,0,0,0,0.05,0.62,1191.2,0.0187,1251.2,,,,,0,0.25,0.04,0.024,,,,,,
16,15,0,0,0,0,0,0,0,0,0.05,0.62,1191.2,0.0187,1251.2,,,,,0,0.25,0.04,0.024,,,,,,
16,16,0,0,0,0,0,0,0,0,0.05,0.62,1191.2,0.0187,1251.2,,,,,0,0.25,0.04,0.024,,,,,,
16,17,0,0,0,0,0,0,0,0,0.05,0.62,1191.2,0.0187,1251.2,,,,,0,0.25,0.04,0.024,,,,,,
16,18,0,0,0,0,0,0,0,0,0.05,0.62,1191.2,0.0187,1251.2,,,,,0,0.25,0.04,0.024,,,,,,
16,19,0,0,0,0,0,0,0,0,0.05,0.62,1191.2,0.0187,1251.2,,,,,0,0.25,0.04,0.024,,,,,,
16,20,0,0,0,0,0,0,0,0,0.05,0.62,1191.2,0.0187,1251.2,,,,,0,0.25,0.04,0.024,,,,,,
16,21,0,0,0,0,0,0,0,0,0.05,0.62,1191.2,0.0187,1251.2,,,,,0,0.25,0.04,0.024,,,,,,
16,22,0,0,0,0,0,0,0,0,0.05,0.62,1191.2,0.0187,1251.2,,,,,0,0.25,0.04,0.024,,,,,,
16,23,0,0,0,0,0,0,0,0,0.05,0.62,1191.2,0.0187,1251.2,,,,,0,0.25,0.04,0.024,,,,,,
16,24,0,0,0,0,0,0,0,0,0.05,0.62,1191.2,0.0187,1251.2,,,,,0,0.25,0.04,0.024,,,,,,
16,25,0,0,0,0,0,0,0,0,0.05,0.62,1191.2,0.0187,1251.2,,,,,0,0.25,0.04,0.024,,,,,,
16,26,0,0,0,0,0,0,0,0,0.05,0.62,1191.2,0.0187,1251.2,,,,,0,0.25,0.04,0.024,,,,,,
